text,category
belajar python dasar video ini mengajarkan dasar python dengan mudah dan menyenangkan,Teknologi
tutorial excel penjelasan jelas dan mudah dipahami sangat membantu pemula,Teknologi
vlog liburan bali pemandangan indah pengalaman menyenangkan dan seru,Vlog
mukbang ramen video lucu dan menghibur saya sangat menikmatinya,Kuliner
edukasi biologi penjelasan mudah dimengerti menyenangkan dan informatif,Edukasi
panduan react video lengkap dan mudah dipahami membuat belajar react jadi menyenangkan,Teknologi
tutorial javascript materi lengkap mudah diikuti cocok untuk pemula,Teknologi
panduan machine learning penjelasan mudah dipahami dan menyenangkan,Teknologi
belajar sql materi jelas dan sangat membantu proses belajar,Teknologi
video matematika video sangat bermanfaat dan mudah dipahami,Edukasi
vlog kota yogyakarta suasana menyenangkan seru dan informatif,Vlog
mukbang pizza konten menghibur dan membuat senang menonton,Kuliner
tutorial css video mudah dimengerti sangat membantu pemula,Teknologi
belajar java dasar penjelasan jelas dan menyenangkan cocok untuk belajar,Teknologi
edukasi fisika video mudah diikuti materi jelas dan menyenangkan,Edukasi
panduan git video bermanfaat sangat membantu memahami version control,Teknologi
belajar bahasa inggris materi mudah dipahami dan menyenangkan,Edukasi
vlog kuliner bandung menyenangkan menghibur dan sangat menarik,Kuliner
tutorial photoshop penjelasan mudah konten menarik dan membantu,Teknologi
video kesehatan materi informatif dan mudah dimengerti menyenangkan,Umum
belajar python lanjutan video mengajarkan konsep lanjutan dengan cara mudah dimengerti,Teknologi
mukbang sushi sangat menyenangkan dan lucu membuat senang menonton,Kuliner
vlog travel lombok konten menyenangkan dan informatif pengalaman seru,Vlog
tutorial word materi jelas dan sangat membantu pemula,Teknologi
panduan statistik video mudah dimengerti konten menarik dan bermanfaat,Edukasi
video sejarah materi jelas dan mudah dipahami pengalaman belajar menyenangkan,Vlog
belajar ekonomi penjelasan mudah dipahami dan bermanfaat untuk pemula,Edukasi
mukbang burger seru lucu dan sangat menghibur,Kuliner
vlog alam konten menyenangkan pengalaman menarik sangat seru,Vlog
tutorial bahasa jepang video jelas dan mudah dimengerti bermanfaat,Edukasi
edukasi kimia materi mudah diikuti dan menyenangkan untuk belajar,Edukasi
belajar data science penjelasan menyenangkan dan mudah dimengerti,Teknologi
video musik konten menyenangkan dan menghibur sangat cocok untuk santai,Teknologi
vlog kuliner jakarta video seru dan lucu sangat menghibur,Kuliner
mukbang nasi padang menyenangkan dan membuat senang menonton,Kuliner
tutorial figma materi jelas mudah diikuti cocok untuk pemula,Teknologi
belajar css lanjutan video jelas dan menyenangkan sangat membantu belajar,Teknologi
panduan react hooks video membantu memahami konsep dengan cara mudah,Teknologi
belajar algoritma konten menarik dan menyenangkan sangat membantu belajar,Edukasi
vlog pantai konten menyenangkan pemandangan indah pengalaman seru,Teknologi
mukbang ayam goreng konten lucu menyenangkan menghibur,Kuliner
edukasi matematika materi mudah dipahami sangat membantu belajar,Edukasi
tutorial illustrator video jelas menyenangkan mudah diikuti,Teknologi
belajar java lanjutan materi jelas mudah dipahami menyenangkan untuk belajar,Teknologi
vlog hiking menyenangkan pemandangan indah pengalaman seru,Vlog
mukbang kue konten menghibur dan menyenangkan sangat lucu,Kuliner
video motivasi sangat inspiratif dan menyenangkan untuk ditonton,Umum
tutorial seo video bermanfaat mudah dimengerti sangat membantu,Teknologi
belajar statistik materi jelas mudah diikuti konten menyenangkan,Edukasi
vlog kuliner malang video menyenangkan sangat menghibur dan lucu,Kuliner
mukbang roti menyenangkan dan lucu konten menghibur,Kuliner
tutorial javascript lanjutan materi jelas dan mudah dimengerti sangat bermanfaat,Teknologi
panduan excel video membantu memahami materi dengan cara mudah dan menyenangkan,Teknologi
belajar python gui penjelasan mudah dan menyenangkan konten bermanfaat,Teknologi
vlog alam bogor menyenangkan pemandangan indah pengalaman seru dan menghibur,Vlog
mukbang seafood konten menyenangkan sangat menghibur lucu,Kuliner
edukasi bahasa korea materi jelas mudah dimengerti sangat menyenangkan,Edukasi
tutorial canva video mudah dipahami sangat membantu dan menyenangkan,Teknologi
belajar php penjelasan mudah konten menyenangkan dan bermanfaat,Teknologi
vlog kota bandung menyenangkan pengalaman seru konten menarik,Vlog
mukbang ice cream sangat lucu menghibur dan menyenangkan,Kuliner
tutorial nodejs materi jelas mudah dipahami konten menyenangkan dan bermanfaat,Teknologi
panduan python flask video mudah diikuti menyenangkan dan membantu belajar,Teknologi
belajar r programming penjelasan jelas mudah dimengerti menyenangkan,Edukasi
video kuliner konten lucu menyenangkan sangat menghibur,Kuliner
vlog pantai bali menyenangkan pemandangan indah pengalaman seru,Teknologi
mukbang ayam bakar konten menghibur dan menyenangkan lucu,Kuliner
tutorial data science lanjutan materi jelas mudah dipahami sangat bermanfaat,Teknologi
panduan java spring video jelas dan menyenangkan sangat membantu belajar,Teknologi
belajar react native penjelasan mudah menyenangkan dan bermanfaat,Teknologi
vlog gunung menyenangkan pemandangan indah pengalaman seru,Vlog
mukbang burger cheese konten lucu menyenangkan menghibur,Kuliner
edukasi sejarah materi jelas menyenangkan dan sangat informatif,Edukasi
tutorial github video mudah diikuti menyenangkan sangat membantu,Teknologi
belajar css lanjutan penjelasan jelas mudah dimengerti menyenangkan,Teknologi
vlog kota yogyakarta video biasa saja memperlihatkan aktivitas seharihari,Vlog
mukbang nasi padang video cukup informatif tapi tidak terlalu menarik,Kuliner
tutorial word materi standar cukup jelas tapi tidak spesial,Teknologi
panduan fisika penjelasan video biasa saja cukup membantu tapi tidak luar biasa,Edukasi
belajar kimia video lumayan beberapa bagian cukup jelas tapi tidak semuanya,Edukasi
video sejarah materi cukup informatif tapi tidak ada yang istimewa,Edukasi
tutorial excel materi cukup jelas cocok untuk belajar tapi tidak menonjol,Teknologi
belajar bahasa inggris video standar informasi dasar cukup membantu,Edukasi
panduan statistik video biasa cukup membantu memahami konsep dasar,Edukasi
tutorial css video lumayan materi cukup jelas tapi tidak menarik,Teknologi
vlog kota bandung konten biasa hanya merekam aktivitas harian,Vlog
mukbang ramen video biasa cukup menghibur tapi tidak luar biasa,Kuliner
tutorial java materi cukup standar mudah diikuti tapi tidak spesial,Teknologi
belajar python video biasa saja cukup membantu untuk pemula,Teknologi
panduan react video cukup informatif tapi tidak terlalu menarik,Teknologi
vlog kuliner jakarta video standar cukup menyenangkan tapi tidak luar biasa,Kuliner
mukbang pizza video cukup biasa tidak terlalu menghibur atau membosankan,Kuliner
tutorial figma video lumayan materi cukup jelas tapi tidak menonjol,Teknologi
belajar php materi cukup standar cukup membantu pemula,Teknologi
panduan nodejs video biasa penjelasan cukup jelas tapi tidak menonjol,Teknologi
vlog pantai konten standar cukup menyenangkan tapi tidak spesial,Teknologi
mukbang ayam goreng video biasa tidak terlalu menarik tapi tidak buruk,Kuliner
tutorial illustrator materi cukup jelas cocok untuk belajar tapi tidak luar biasa,Teknologi
belajar javascript video standar cukup membantu tapi tidak menonjol,Teknologi
panduan machine learning video biasa cukup jelas tapi tidak istimewa,Teknologi
vlog alam konten biasa saja pemandangan menarik tapi standar,Vlog
mukbang burger video lumayan cukup menghibur tapi tidak spesial,Kuliner
tutorial seo video standar materi cukup membantu tapi biasa saja,Teknologi
belajar r programming materi cukup jelas membantu tapi tidak menonjol,Edukasi
panduan python flask video lumayan cukup mudah diikuti tapi standar,Teknologi
vlog gunung konten biasa pemandangan cukup menarik tapi tidak luar biasa,Vlog
mukbang kue video standar cukup lucu tapi tidak spesial,Kuliner
tutorial nodejs lanjutan video cukup jelas membantu tapi biasa saja,Teknologi
belajar statistik materi standar cukup membantu pemula tapi tidak menonjol,Edukasi
panduan react hooks video biasa saja cukup jelas tapi tidak istimewa,Teknologi
vlog kota semarang konten standar aktivitas seharihari biasa,Vlog
mukbang roti video biasa cukup menghibur tapi tidak spesial,Kuliner
tutorial canva materi cukup jelas mudah diikuti tapi biasa saja,Teknologi
belajar css lanjutan video standar cukup membantu tapi tidak menonjol,Teknologi
panduan java spring video biasa materi cukup jelas tapi tidak spesial,Teknologi
vlog kuliner malang konten biasa saja cukup menyenangkan tapi tidak luar biasa,Kuliner
mukbang ice cream video lumayan cukup lucu tapi standar,Kuliner
tutorial github materi standar cukup membantu tapi tidak menonjol,Teknologi
belajar fisika video biasa cukup jelas tapi tidak luar biasa,Edukasi
panduan sql materi cukup standar cukup membantu tapi biasa saja,Teknologi
vlog kota surabaya konten biasa cukup menarik tapi tidak spesial,Vlog
mukbang seafood video lumayan cukup menghibur tapi biasa saja,Kuliner
tutorial python gui materi cukup jelas membantu tapi tidak luar biasa,Teknologi
belajar machine learning video standar cukup membantu untuk belajar tapi biasa saja,Teknologi
panduan bahasa jepang video biasa cukup jelas tapi tidak menonjol,Edukasi
vlog pantai lombok konten standar cukup menyenangkan tapi biasa saja,Teknologi
mukbang ayam bakar video lumayan cukup menghibur tapi standar,Kuliner
tutorial matematika dasar materi cukup jelas membantu tapi biasa saja,Edukasi
belajar biologi video standar cukup informatif tapi tidak luar biasa,Edukasi
panduan fisika lanjutan materi biasa cukup jelas tapi tidak spesial,Edukasi
vlog gunung merbabu konten biasa cukup menyenangkan tapi tidak luar biasa,Vlog
mukbang nasi goreng video standar cukup menghibur tapi biasa saja,Kuliner
tutorial r programming materi cukup jelas membantu tapi tidak menonjol,Edukasi
belajar bahasa korea video biasa cukup informatif tapi tidak luar biasa,Edukasi
panduan css video standar cukup mudah diikuti tapi biasa saja,Teknologi
vlog kuliner solo konten biasa cukup menghibur tapi tidak menonjol,Kuliner
video kekerasan menampilkan adegan menegangkan dan membuat takut,Hiburan
drama remaja cerita membingungkan sulit dipahami membuat frustrasi,Edukasi
mukbang ekstrem konten menjijikkan dan tidak nyaman ditonton,Kuliner
video menakutkan materi membuat cemas dan tidak menyenangkan,Kuliner
vlog kota rusuh aktivitas seharihari menegangkan dan membuat khawatir,Vlog
tutorial rumit materi sulit dipahami membingungkan dan melelahkan,Edukasi
belajar matematika sulit video sangat kompleks membuat frustrasi pemula,Edukasi
drama kekerasan cerita penuh konflik membuat tidak nyaman,Hiburan
mukbang pedas ekstrem konten menyakitkan dan tidak menyenangkan,Kuliner
video kontroversial materi memancing emosi negatif membuat cemas,Umum
vlog horor suasana menyeramkan membuat takut dan tidak nyaman,Vlog
tutorial kompleks materi sulit dimengerti membingungkan pemula,Edukasi
belajar fisika sulit penjelasan rumit membuat frustrasi pemirsa,Edukasi
drama remaja rumit cerita membingungkan dan membuat kesal,Edukasi
mukbang tidak layak konten menjijikkan dan membuat tidak nyaman,Kuliner
video kekerasan ekstrem menampilkan adegan mengerikan membuat takut,Hiburan
vlog kota gelap suasana menakutkan dan membingungkan,Kuliner
tutorial rumit dan panjang materi terlalu panjang sulit diikuti,Edukasi
belajar kimia sulit video membingungkan dan membuat frustrasi,Edukasi
drama memicu emosi negatif cerita memancing rasa marah atau sedih,Hiburan
mukbang berbahaya konten tidak aman dan membuat cemas,Kuliner
video menakutkan ekstrem adegan sangat menegangkan dan mengganggu,Kuliner
vlog kota kacau konten membingungkan dan membuat tidak nyaman,Vlog
tutorial membosankan materi membosankan membuat pemirsa bosan,Edukasi
belajar bahasa sulit video sulit diikuti membingungkan pemula,Edukasi
drama menyebalkan cerita membuat frustrasi dan kesal,Hiburan
mukbang menjijikkan konten tidak enak ditonton membuat tidak nyaman,Kuliner
video kontroversial panjang materi memancing emosi negatif membosankan,Umum
vlog horor ekstrem suasana sangat menakutkan dan tidak nyaman,Kuliner
tutorial terlalu rumit materi membingungkan sulit diikuti,Edukasi
belajar matematika rumit video membingungkan membuat frustrasi,Edukasi
drama remaja negatif cerita menyebalkan dan membingungkan,Hiburan
mukbang ekstrem tidak layak konten menjijikkan dan membuat cemas,Kuliner
video kekerasan panjang menampilkan adegan mengerikan membuat takut,Hiburan
vlog kota gelap dan menakutkan suasana menyeramkan membuat khawatir,Kuliner
tutorial rumit membosankan materi panjang sulit diikuti membosankan,Edukasi
belajar fisika kompleks video sulit dipahami membuat frustrasi,Edukasi
drama membingungkan cerita tidak jelas dan membuat kesal,Hiburan
mukbang pedas tidak aman konten menyakitkan dan tidak menyenangkan,Kuliner
video seram adegan menakutkan dan tidak nyaman ditonton,Kuliner
vlog kota kacau dan gelap konten membingungkan dan membuat tidak nyaman,Vlog
tutorial membosankan dan rumit materi membingungkan dan membuat bosan,Edukasi
belajar bahasa rumit video sulit diikuti membuat frustrasi pemula,Edukasi
drama membosankan cerita membosankan dan membingungkan,Hiburan
mukbang menjijikkan ekstrem konten menjijikkan dan tidak nyaman,Kuliner
video kontroversial mengganggu materi memancing emosi negatif dan stres,Umum
vlog horor menakutkan suasana sangat menyeramkan membuat takut,Kuliner
tutorial rumit sulit dimengerti materi sulit diikuti membingungkan,Edukasi
belajar matematika menyulitkan video membingungkan membuat frustrasi,Edukasi
drama remaja membingungkan cerita sulit diikuti dan menyebalkan,Edukasi
mukbang berbahaya dan menjijikkan konten ekstrem tidak nyaman ditonton,Kuliner
video kekerasan ekstrem panjang adegan mengerikan dan menakutkan,Kuliner
vlog kota gelap dan menakutkan ekstrem konten sangat menyeramkan dan membingungkan,Kuliner
tutorial panjang dan rumit materi sulit diikuti dan membosankan,Edukasi
belajar fisika rumit dan sulit video membingungkan dan membuat frustrasi,Edukasi
pengalaman buruk di restoran x pelayanannya sangat lambat makanan tidak enak dan suasananya kotor saya sangat kecewa dan tidak akan pernah kembali lagi sangat membuang waktu,Kuliner
review hotel buruk kamar kotor pelayanan tidak ramah ac mati sangat mengecewakan,Umum
kecewa berat barang rusak saat sampai pengiriman lambat seller tidak respon tidak recommended,Teknologi
restoran tidak enak rasa makanan hambar harga mahal pelayan kasar sangat tidak worth it,Kuliner
layanan mengecewakan customer service lambat tidak membantu buangbuang waktu saya,Umum
produk gagal kualitas barang sangat jelek tidak sesuai deskripsi penipuan,Teknologi
pembelajaran react video pembelajaran react yang sangat membantu mudah dipahami dan menyenangkan,Teknologi
pembelajaran javascript tutorial javascript lengkap dan jelas cocok untuk pemula yang baru belajar,Teknologi
pembelajaran python materi python disajikan dengan baik sangat bermanfaat untuk belajar coding,Teknologi
pembelajaran web development kursus web development yang komprehensif dan mudah diikuti sangat recommended,Teknologi
pembelajaran machine learning penjelasan ml yang mudah dipahami sangat membantu memahami konsep dasar,Teknologi
pembelajaran data science video data science yang informatif dan menyenangkan untuk ditonton,Teknologi
pembelajaran mobile development tutorial mobile dev yang lengkap sangat membantu untuk belajar,Teknologi
pembelajaran database materi database disajikan dengan jelas mudah dipahami pemula,Teknologi
pembelajaran api tutorial api yang sangat bermanfaat dan mudah diikuti,Teknologi
pembelajaran cloud computing video cloud computing yang informatif dan menyenangkan,Teknologi
tutorial pemrograman panduan pemrograman yang sangat membantu dan mudah dipahami,Teknologi
tutorial coding video tutorial coding yang menyenangkan dan edukatif,Teknologi
tutorial programming materi programming lengkap dan mudah diikuti sangat bermanfaat,Teknologi
belajar coding video belajar coding yang seru dan mudah dipahami,Teknologi
belajar pemrograman tutorial pemrograman yang sangat membantu untuk pemula,Teknologi
kelas online programming kelas online programming yang lengkap dan menyenangkan,Edukasi
kursus web kursus web development yang sangat bermanfaat dan mudah diikuti,Teknologi
edukasi teknologi video edukasi teknologi yang informatif dan menyenangkan,Edukasi
edukasi coding materi coding yang disajikan dengan baik sangat membantu belajar,Edukasi
edukasi programming tutorial programming yang lengkap dan mudah dipahami,Edukasi
belajar online platform belajar online yang sangat membantu dan menyenangkan,Edukasi
kelas pemrograman kelas pemrograman yang informatif dan mudah diikuti,Edukasi
tutorial belajar video tutorial belajar yang sangat bermanfaat untuk pemula,Edukasi
panduan belajar panduan belajar yang lengkap dan mudah dipahami,Edukasi
materi pembelajaran materi pembelajaran yang disajikan dengan baik dan menyenangkan,Edukasi
video edukatif video edukatif yang sangat informatif dan mudah dimengerti,Edukasi
konten edukasi konten edukasi berkualitas yang sangat membantu belajar,Edukasi
video tutorial video tutorial yang lengkap dan mudah diikuti sangat recommended,Teknologi
pembelajaran dasar materi pembelajaran dasar yang sangat membantu untuk pemula,Edukasi
berita pembunuhan berita tentang kasus pembunuhan yang mengejutkan dan mengerikan,Berita
kasus pembunuhan laporan lengkap tentang kasus pembunuhan sadis yang terjadi,Berita
pembunuhan di desa berita pembunuhan yang terjadi di desa terpencil sangat menyedihkan,Berita
tragedi pembunuhan tragedi pembunuhan berantai yang menghebohkan masyarakat,Berita
berita kriminal berita kriminal tentang perampokan dan kekerasan yang terjadi,Berita
kasus kriminal laporan kasus kriminal yang melibatkan kekerasan dan intimidasi,Berita
berita kecelakaan berita kecelakaan lalu lintas yang menelan korban jiwa,Berita
tragedi kecelakaan tragedi kecelakaan pesawat yang menewaskan banyak penumpang,Berita
berita bencana berita bencana alam yang menyebabkan kerusakan parah,Berita
bencana alam laporan bencana alam gempa bumi yang merusak banyak rumah,Berita
berita perampokan berita perampokan bersenjata yang membuat warga ketakutan,Berita
berita penculikan kasus penculikan anak yang membuat orang tua khawatir,Berita
berita korupsi laporan korupsi pejabat yang merugikan negara miliaran rupiah,Berita
skandal politik skandal politik yang melibatkan pejabat tinggi negara,Berita
berita perang berita perang yang menunjukkan kerusakan dan korban jiwa,Berita
konflik bersenjata laporan konflik bersenjata yang menelan banyak korban,Berita
berita terorisme berita serangan teror yang mengejutkan dan menakutkan,Berita
aksi teror laporan aksi teror yang membuat masyarakat trauma,Berita
berita kebakaran berita kebakaran besar yang menghanguskan pemukiman warga,Berita
tragedi kebakaran tragedi kebakaran pabrik yang menyebabkan korban lukaluka,Berita
